{"cameraMode":{"drawMode":0,"name":"Shaded","section":"Shading Mode"},"sceneLighting":false,"audioPlay":false,"sceneViewState":{"showFog":true,"showMaterialUpdate":false,"showSkybox":true,"showFlares":true,"showImageEffects":true,"showParticleSystems":true},"in2DMode":false,"pivot":{"x":-7.69657564163208,"y":-15.046213150024414,"z":-27.26605796813965},"rotation":{"x":0.0033155344426631929,"y":0.9938541054725647,"z":0.0310088861733675,"w":-0.10624665766954422},"size":38.25468444824219,"orthographic":false}