{"cameraMode":{"drawMode":0,"name":"Shaded","section":"Shading Mode"},"sceneLighting":true,"audioPlay":false,"sceneViewState":{"showFog":true,"showMaterialUpdate":false,"showSkybox":true,"showFlares":true,"showImageEffects":true,"showParticleSystems":true},"in2DMode":false,"pivot":{"x":10.387646675109864,"y":-1.5077497959136963,"z":-19.542293548583986},"rotation":{"x":0.10034681856632233,"y":0.07747145742177963,"z":-0.007838232442736626,"w":0.9919008612632752},"size":21.46450424194336,"orthographic":false}