{"cameraMode":{"drawMode":0,"name":"Shaded","section":"Shading Mode"},"sceneLighting":false,"audioPlay":false,"sceneViewState":{"showFog":true,"showMaterialUpdate":false,"showSkybox":true,"showFlares":true,"showImageEffects":true,"showParticleSystems":true},"in2DMode":false,"pivot":{"x":-6.730000019073486,"y":4.929999828338623,"z":0.651177167892456},"rotation":{"x":-0.08893594145774842,"y":-0.16589543223381043,"z":0.015025235712528229,"w":-0.9820098876953125},"size":0.7144709229469299,"orthographic":false}